ID,Password,Type
1001,pas1,Admin
1002,pas2,Admin
1003,pas3,Admin
1004,pas4,Faculty
1005,pas5,Faculty
1006,pas6,Faculty
1007,pas7,Faculty
1008,pas8,Faculty
1009,pas9,Faculty
1010,pas10,Faculty
1011,pas11,Faculty
1012,pas12,Faculty
1013,pas13,Faculty
1014,pas14,Faculty
1015,pas15,Faculty
1016,pas16,Faculty
1017,pas17,Faculty
1018,pas18,Faculty
1019,pas19,Faculty
1020,pas20,Faculty
1021,pas21,Faculty
1022,pas22,Faculty
1023,pas23,Faculty
1024,pas24,Faculty
1025,pas25,Faculty
1026,pas26,Faculty
1027,pas27,Faculty
1028,pas28,Faculty
1029,pas29,Faculty
1030,pas30,Faculty
1031,pas31,Faculty
1032,pas32,Faculty
1033,pas33,Faculty
1034,pas34,Student
1035,pas35,Student
1036,pas36,Student
1037,pas37,Student
1038,pas38,Student
1039,pas39,Student
1040,pas40,Student
1041,pas41,Student
1042,pas42,Student
1043,pas43,Student
1044,pas44,Student
1045,pas45,Student
1046,pas46,Student
1047,pas47,Student
1048,pas48,Student
1049,pas49,Student
1050,pas50,Student
1051,pas51,Student
1052,pas52,Student
1053,pas53,Student
1054,pas54,Student
1055,pas55,Student
1056,pas56,Student
1057,pas57,Student
1058,pas58,Student
1059,pas59,Student
1060,pas60,Student
1061,pas61,Student
1062,pas62,Student
1063,pas63,Student
1064,pas64,Student
1065,pas65,Student
1066,pas66,Student
1067,pas67,Student
1068,pas68,Student
1069,pas69,Student
1070,pas70,Student
1071,pas71,Student
1072,pas72,Student
1073,pas73,Student
1074,pas74,Student
1075,pas75,Student
1076,pas76,Student
1077,pas77,Student
1078,pas78,Student
1079,pas79,Student
1080,pas80,Student
1081,pas81,Student
1082,pas82,Student
1083,pas83,Student
1084,pas84,Student
1085,pas85,Student
1086,pas86,Student
1087,pas87,Student
1088,pas88,Student
1089,pas89,Student
1090,pas90,Student
1091,pas91,Student
1092,pas92,Student
1093,pas93,Student
1094,pas94,Student
1095,pas95,Student
1096,pas96,Student
1097,pas97,Student
1098,pas98,Student
1099,pas99,Student
1100,pas100,Student
1101,pas101,Student
1102,pas102,Student
1103,pas103,Student
1104,pas104,Student
1105,pas105,Student
1106,pas106,Student
1107,pas107,Student
1108,pas108,Student
1109,pas109,Student
1110,pas110,Student
1111,pas111,Student
1112,pas112,Student
1113,pas113,Student
1114,pas114,Student
1115,pas115,Student
1116,pas116,Student
1117,pas117,Student
1118,pas118,Student
1119,pas119,Student
1120,pas120,Student
1121,pas121,Student
1122,pas122,Student
1123,pas123,Student
1124,pas124,Student
1125,pas125,Student
1126,pas126,Student
1127,pas127,Student
1128,pas128,Student
1129,pas129,Student
1130,pas130,Student
1131,pas131,Student
1132,pas132,Student
1133,pas133,Student
1134,pas134,Student
1135,pas135,Student
1136,pas136,Student
1137,pas137,Student
1138,pas138,Student
1139,pas139,Student
1140,pas140,Student
1141,pas141,Student
1142,pas142,Student
1143,pas143,Student
1144,pas144,Student
1145,pas145,Student
1146,pas146,Student
1147,pas147,Student
1148,pas148,Student
1149,pas149,Student
1150,pas150,Student
1151,pas151,Student
1152,pas152,Student
1153,pas153,Student
1154,pas154,Student
1155,pas155,Student
1156,pas156,Student
1157,pas157,Student
1158,pas158,Student
1159,pas159,Student
1160,pas160,Student
1161,pas161,Student
1162,pas162,Student
1163,pas163,Student
1164,pas164,Student
1165,pas165,Student
1166,pas166,Student
1167,pas167,Student
1168,pas168,Student
1169,pas169,Student
1170,pas170,Student
1171,pas171,Student
1172,pas172,Student
1173,pas173,Student
1174,pas174,Student
1175,pas175,Student
1176,pas176,Student
1177,pas177,Student
1178,pas178,Student
1179,pas179,Student
1180,pas180,Student
1181,pas181,Student
1182,pas182,Student
1183,pas183,Student
1184,pas184,Student
1185,pas185,Student
1186,pas186,Student
1187,pas187,Student
1188,pas188,Student
1189,pas189,Student
1190,pas190,Student
1191,pas191,Student
1192,pas192,Student
1193,pas193,Student
1194,pas194,Student
1195,pas195,Student
1196,pas196,Student
1197,pas197,Student
1198,pas198,Student
1199,pas199,Student
1200,pas200,Student
1202,123456,Student