ID,Name,Email,IAddress,Phone
1001,Muhammad Ali Khan,muhammad.ali.khan@example.com,"House #123, Lahore",0321-1234567
1002,Fatima Sheikh,fatima.sheikh@example.com,"House #234, Islamabad",0333-2345678
1003,Ali Hassan,ali.hassan@example.com,"House #345, Karachi",0345-3456789
1004,Ahmed Farooq,ahmed.farooq@example.com,"House #456, Lahore",0321-4567890
1005,Saba Naeem,saba.naeem@example.com,"House #567, Islamabad",0333-5678901
1006,Syed Hassan,syed.hassan@example.com,"House #678, Karachi",0345-6789012
1007,Ali Raza,ali.raza@example.com,"House #789, Lahore",0321-7890123
1008,Farhan Akhtar,farhan.akhtar@example.com,"House #890, Islamabad",0333-8901234
1009,Abdullah Malik,abdullah.malik@example.com,"House #901, Lahore",0321-9012345
1010,Aisha Hussain,aisha.hussain@example.com,"House #802, Islamabad",0333-8023456
1011,Amir Haider,amir.haider@example.com,"House #703, Karachi",0345-7034567
1012,Anila Sadiq,anila.sadiq@example.com,"House #604, Lahore",0321-6045678
1013,Asad Ahmed,asad.ahmed@example.com,"House #505, Islamabad",0333-5056789
1014,Ayesha Malik,ayesha.malik@example.com,"House #406, Karachi",0345-4067890
1015,Bilal Ali,bilal.ali@example.com,"House #307, Lahore",0321-3078901
1016,Bushra Khan,bushra.khan@example.com,"House #208, Islamabad",0333-2089012
1017,Danish Raza,danish.raza@example.com,"House #109, Karachi",0345-1091234
1018,Faiza Hassan,faiza.hassan@example.com,"House #010, Lahore",0321-0102345
1019,Farhan Ahmed,farhan.ahmed@example.com,"House #111, Islamabad",0333-1113456
1020,Fatima Iqbal,fatima.iqbal@example.com,"House #212, Karachi",0345-2124567
1021,Ghulam Ali,ghulam.ali@example.com,"House #313, Lahore",0321-3135678
1022,Hafsa Khan,hafsa.khan@example.com,"House #414, Islamabad",0333-4146789
1023,Hamza Raza,hamza.raza@example.com,"House #515, Karachi",0345-5157890
1024,Hina Naeem,hina.naeem@example.com,"House #616, Lahore",0321-6168901
1025,Kiran Iqbal,kiran.iqbal@example.com,"House #325, Lahore",0321-3256789
1026,Luqman Ali,luqman.ali@example.com,"House #426, Islamabad",0333-4267890
1027,Madeeha Farooq,madeeha.farooq@example.com,"House #527, Karachi",0345-5279012
1028,Mahnoor Hassan,mahnoor.hassan@example.com,"House #628, Lahore",0321-6281234
1029,Mansoor Ahmed,mansoor.ahmed@example.com,"House #729, Islamabad",0333-7292345
1030,Maria Naeem,maria.naeem@example.com,"House #830, Karachi",0345-8303456
1031,Mehak Khan,mehak.khan@example.com,"House #931, Lahore",0321-9314567
1032,Murtaza Raza,murtaza.raza@example.com,"House #032, Islamabad",0333-0325678
1033,Nabeel Ali,nabeel.ali@example.com,"House #143, Karachi",0345-1436789
1034,Nadia Hassan,nadia.hassan@example.com,"House #254, Lahore",0321-2547890
1035,Naima Akhtar,naima.akhtar@example.com,"House #365, Islamabad",0333-3659012
1036,Nasir Haider,nasir.haider@example.com,"House #476, Karachi",0345-4761234
1037,Nida Sadiq,nida.sadiq@example.com,"House #587, Lahore",0321-5872345
1038,Noman Ahmed,noman.ahmed@example.com,"House #698, Islamabad",0333-6983456
1039,Qasim Iqbal,qasim.iqbal@example.com,"House #709, Karachi",0345-7094567
1040,Rabia Ali,rabia.ali@example.com,"House #810, Lahore",0321-8105678
1041,Rafay Farooq,rafay.farooq@example.com,"House #921, Islamabad",0333-9216789
1042,Raza Hassan,raza.hassan@example.com,"House #032, Karachi",0345-0327890
1043,Rehman Ahmed,rehman.ahmed@example.com,"House #143, Lahore",0321-1438976
1044,Iqra Raza,iqra.raza@example.com,"House #451, Lahore",0321-4512345
1045,Jabir Malik,jabir.malik@example.com,"House #352, Islamabad",0333-3523456
1046,Kanza Hussain,kanza.hussain@example.com,"House #253, Karachi",0345-2534567
1047,Kashif Ahmed,kashif.ahmed@example.com,"House #154, Lahore",0321-1545678
1048,Khawar Raza,khawar.raza@example.com,"House #055, Islamabad",0333-0556789
1049,Kiran Ali,kiran.ali@example.com,"House #156, Karachi",0345-1567890
1050,Maham Hassan,maham.hassan@example.com,"House #257, Lahore",0321-2578901
1051,Mehdi Haider,mehdi.haider@example.com,"House #358, Islamabad",0333-3589012
1052,Mina Sadiq,mina.sadiq@example.com,"House #459, Karachi",0345-4591234
1053,Mohammad Ali,mohammad.ali@example.com,"House #560, Lahore",0321-5602345
1054,Mubashir Khan,mubashir.khan@example.com,"House #661, Islamabad",0333-6613456
1055,Nadia Raza,nadia.raza@example.com,"House #762, Karachi",0345-7624567
1056,Naima Naeem,naima.naeem@example.com,"House #863, Lahore",0321-8635678
1057,Naseer Khan,naseer.khan@example.com,"House #964, Islamabad",0333-9646789
1058,Nasir Ali,nasir.ali@example.com,"House #065, Karachi",0345-0657890
1059,Neha Hassan,neha.hassan@example.com,"House #166, Lahore",0321-1669012
1060,Nida Ahmed,nida.ahmed@example.com,"House #267, Islamabad",0333-2671234
1061,Nighat Malik,nighat.malik@example.com,"House #368, Karachi",0345-3682345
1062,Noman Raza,noman.raza@example.com,"House #469, Lahore",0321-4693456
1063,Rameez Hassan,rameez.hassan@example.com,"House #921, Islamabad",0333-9216789
1064,Rida Ahmed,rida.ahmed@example.com,"House #032, Karachi",0345-0327890
1065,Saba Raza,saba.raza@example.com,"House #143, Lahore",0321-1439012
1066,Sadia Khan,sadia.khan@example.com,"House #254, Islamabad",0333-2540123
1067,Saima Hussain,saima.hussain@example.com,"House #365, Karachi",0345-3651234
1068,Salman Malik,salman.malik@example.com,"House #476, Lahore",0321-4762345
1069,Sana Iqbal,sana.iqbal@example.com,"House #587, Islamabad",0333-5873456
1070,Saqib Ali,saqib.ali@example.com,"House #698, Karachi",0345-6984567
1071,Sarah Raza,sarah.raza@example.com,"House #709, Lahore",0321-7095678
1072,Shahbaz Ahmed,shahbaz.ahmed@example.com,"House #810, Islamabad",0333-8106789
1073,Shahid Farooq,shahid.farooq@example.com,"House #921, Karachi",0345-9217890
1074,Shahzaib Hassan,shahzaib.hassan@example.com,"House #032, Lahore",0321-0329012
1075,Shakeel Ahmed,shakeel.ahmed@example.com,"House #143, Islamabad",0333-1430123
1076,Shanza Malik,shanza.malik@example.com,"House #254, Karachi",0345-2541234
1077,Shazia Iqbal,shazia.iqbal@example.com,"House #365, Lahore",0321-3652345
1078,Sohaib Ali,sohaib.ali@example.com,"House #476, Islamabad",0333-4763456
1079,Syed Ahmed,syed.ahmed@example.com,"House #587, Karachi",0345-5874567
1080,Taimoor Raza,taimoor.raza@example.com,"House #698, Lahore",0321-6985678
1081,Talha Khan,talha.khan@example.com,"House #709, Islamabad",0333-7096789
1082,Umar Hassan,umar.hassan@example.com,"House #810,",0333-7096790
1083,Sabahat Khan,sabahat.khan@example.com,"House #234, Lahore",0321-2345678
1084,Sadia Raza,sadia.raza@example.com,"House #345, Islamabad",0333-3456789
1085,Sadaf Hassan,sadaf.hassan@example.com,"House #456, Karachi",0345-4567890
1086,Saeed Ahmed,saeed.ahmed@example.com,"House #567, Lahore",0321-5678901
1087,Saima Akhtar,saima.akhtar@example.com,"House #678, Islamabad",0333-6789012
1088,Sajid Haider,sajid.haider@example.com,"House #789, Karachi",0345-7890123
1089,Salman Sadiq,salman.sadiq@example.com,"House #890, Lahore",0321-8901234
1090,Samiullah Ahmed,samiullah.ahmed@example.com,"House #901, Islamabad",0333-9012345
1091,Sana Hussain,sana.hussain@example.com,"House #802, Karachi",0345-8023456
1092,Saqib Malik,saqib.malik@example.com,"House #703, Lahore",0321-7034567
1093,Sarah Haider,sarah.haider@example.com,"House #604, Islamabad",0333-6045678
1094,Sehrish Iqbal,sehrish.iqbal@example.com,"House #505, Karachi",0345-5056789
1095,Shabnam Ali,shabnam.ali@example.com,"House #406, Lahore",0321-4067890
1096,Shahbaz Khan,shahbaz.khan@example.com,"House #307, Islamabad",0333-3078901
1097,Shahid Ahmed,shahid.ahmed@example.com,"House #208, Karachi",0345-2089012
1098,Shahzad Raza,shahzad.raza@example.com,"House #109, Lahore",0321-1091234
1099,Shakeel Hassan,shakeel.hassan@example.com,"House #010, Islamabad",0333-0102345
1100,Shazia Akhtar,shazia.akhtar@example.com,"House #111, Karachi",0345-1113456
1101,Shehbaz Haider,shehbaz.haider@example.com,"House #212, Lahore",0321-2124567
1102,Shoaib Ali,shoaib.ali@example.com,"House #313, Islamabad",0333-3135678
1103,Tehreem Khan,tehreem.khan@example.com,"House #929, Islamabad",0333-9290123
1104,Umair Raza,umair.raza@example.com,"House #830, Karachi",0345-8301234
1105,Umar Hassan,umar.hassan@example.com,"House #731, Lahore",0321-7312345
1106,Uzma Ahmed,uzma.ahmed@example.com,"House #632, Islamabad",0333-6323456
1107,Wajahat Hussain,wajahat.hussain@example.com,"House #533, Karachi",0345-5334567
1108,Waqar Malik,waqar.malik@example.com,"House #434, Lahore",0321-4345678
1109,Waseem Haider,waseem.haider@example.com,"House #335, Islamabad",0333-3356789
1110,Yasir Ali,yasir.ali@example.com,"House #236, Karachi",0345-2367890
1111,Zainab Raza,zainab.raza@example.com,"House #137, Lahore",0321-1379012
1112,Zain Hassan,zain.hassan@example.com,"House #048, Islamabad",0333-0481234
1113,Zara Ahmed,zara.ahmed@example.com,"House #149, Karachi",0345-1492345
1114,Zeeshan Khan,zeeshan.khan@example.com,"House #250, Lahore",0321-2503456
1115,Zohaib Raza,zohaib.raza@example.com,"House #351, Islamabad",0333-3514567
1116,Zubair Hassan,zubair.hassan@example.com,"House #452, Karachi",0345-4525678
1117,Zunaira Ali,zunaira.ali@example.com,"House #553, Lahore",0321-5536789
1118,Abdul Rehman,abdul.rehman@example.com,"House #664, Islamabad",0333-6647890
1119,Afzal Khan,afzal.khan@example.com,"House #775, Karachi",0345-7759012
1120,Ahsan Raza,ahsan.raza@example.com,"House #886, Lahore",0321-8861234
1121,Ali Hassan,ali.hassan@example.com,"House #997, Islamabad",0333-9972345
1122,Usman Asif,usman.asif@example.com,"House #231, Karachi",0345-2314567
1123,Uzma Ali,uzma.ali@example.com,"House #312, Lahore",0321-3125678
1124,Waheed Ahmed,waheed.ahmed@example.com,"House #435, Islamabad",0333-4356789
1125,Waqar Hussain,waqar.hussain@example.com,"House #543, Karachi",0345-5437890
1126,Yasir Akram,yasir.akram@example.com,"House #654, Lahore",0321-6540123
1127,Yousuf Raza,yousuf.raza@example.com,"House #765, Islamabad",0333-7651234
1128,Zafar Ali,zafar.ali@example.com,"House #876, Karachi",0345-8762345
1129,Zahid Hassan,zahid.hassan@example.com,"House #987, Lahore",0321-9873456
1130,Zain Ahmed,zain.ahmed@example.com,"House #098, Islamabad",0333-0984567
1131,Zakir Khan,zakir.khan@example.com,"House #109, Karachi",0345-1095678
1132,Zara Raza,zara.raza@example.com,"House #210, Lahore",0321-2106789
1133,Zeeshan Akhtar,zeeshan.akhtar@example.com,"House #321, Islamabad",0333-3218901
1134,Zohaib Haider,zohaib.haider@example.com,"House #432, Karachi",0345-4329012
1135,Zubair Ali,zubair.ali@example.com,"House #543, Lahore",0321-5431234
1136,Aamir Ahmed,aamir.ahmed@example.com,"House #654, Islamabad",0333-6542345
1137,Aisha Khan,aisha.khan@example.com,"House #765, Karachi",0345-7653456
1138,Akbar Raza,akbar.raza@example.com,"House #876, Lahore",0321-8764567
1139,Ali Hassan,ali.hassan@example.com,"House #987, Islamabad",0333-9875678
1140,Amina Ahmed,amina.ahmed@example.com,"House #098, Karachi",0345-0986789
1141,Hasan Ali,hasan.ali@example.com,"House #109, Karachi",0345-1096789
1142,Hina Khan,hina.khan@example.com,"House #210, Lahore",0321-2108901
1143,Humayun Raza,humayun.raza@example.com,"House #321, Islamabad",0333-3210123
1144,Irfan Akhtar,irfan.akhtar@example.com,"House #432, Karachi",0345-4321234
1145,Jahanzaib Haider,jahanzaib.haider@example.com,"House #543, Lahore",0321-5432345
1146,Jamshed Ali,jamshed.ali@example.com,"House #654, Islamabad",0333-6543456
1147,Junaid Ahmed,junaid.ahmed@example.com,"House #765, Karachi",0345-7654567
1148,Kashif Khan,kashif.khan@example.com,"House #876, Lahore",0321-8765678
1149,Khalid Raza,khalid.raza@example.com,"House #987, Islamabad",0333-9876789
1150,Kiran Akhtar,kiran.akhtar@example.com,"House #098, Karachi",0345-0980123
1151,Komal Haider,komal.haider@example.com,"House #109, Lahore",0321-1092345
1152,Lubna Ali,lubna.ali@example.com,"House #210, Islamabad",0333-2103456
1153,Maham Ahmed,maham.ahmed@example.com,"House #321, Karachi",0345-3214567
1154,Majid Khan,majid.khan@example.com,"House #432, Lahore",0321-4325678
1155,Maria Raza,maria.raza@example.com,"House #543, Islamabad",0333-5436789
1156,Masood Akhtar,masood.akhtar@example.com,"House #654, Karachi",0345-6548901
1157,Mehwish Haider,mehwish.haider@example.com,"House #765, Lahore",0321-7650123
1158,Misbah Ali,misbah.ali@example.com,"House #876, Islamabad",0333-8761234
1159,Mohsin Ahmed,mohsin.ahmed@example.com,"House #987, Karachi",0345-9872345
1160,Muhammad Khalid,muhammad.khalid@example.com,"House #231, Karachi",0345-2314567
1161,Mariam Ali,mariam.ali@example.com,"House #312, Lahore",0321-3125678
1162,Hasan Ahmed,hasan.ahmed@example.com,"House #435, Islamabad",0333-4356789
1163,Zoya Hussain,zoya.hussain@example.com,"House #543, Karachi",0345-5437890
1164,Ahmed Akram,ahmed.akram@example.com,"House #654, Lahore",0321-6540123
1165,Hamza Raza,hamza.raza@example.com,"House #765, Islamabad",0333-7651234
1166,Khadija Ali,khadija.ali@example.com,"House #876, Karachi",0345-8762345
1167,Zainab Hassan,zainab.hassan@example.com,"House #987, Lahore",0321-9873456
1168,Sana Ahmed,sana.ahmed@example.com,"House #098, Islamabad",0333-0984567
1169,Waleed Khan,waleed.khan@example.com,"House #109, Karachi",0345-1095678
1170,Asma Raza,asma.raza@example.com,"House #210, Lahore",0321-2106789
1171,Ahsan Akhtar,ahsan.akhtar@example.com,"House #321, Islamabad",0333-3218901
1172,Mehak Haider,mehak.haider@example.com,"House #432, Karachi",0345-4329012
1173,Bilal Ali,bilal.ali@example.com,"House #543, Lahore",0321-5431234
1174,Faizan Ahmed,faizan.ahmed@example.com,"House #654, Islamabad",0333-6542345
1175,Kainat Khan,kainat.khan@example.com,"House #765, Karachi",0345-7653456
1176,Amna Raza,amna.raza@example.com,"House #876, Lahore",0321-8764567
1177,Ahsan Hassan,ahsan.hassan@example.com,"House #987, Islamabad",0333-9875678
1178,Ayesha Ahmed,ayesha.ahmed@example.com,"House #098, Karachi",0345-0986789
1179,Abdullah Khan,abdullah.khan@example.com,"House #109, Lahore",0312-3423132
1180,Usman Asif,usman.asif@example.com,"House #231, Karachi",0345-2314567
1181,Uzma Ali,uzma.ali@example.com,"House #312, Lahore",0321-3125678
1182,Waheed Ahmed,waheed.ahmed@example.com,"House #435, Islamabad",0333-4356789
1183,Waqar Hussain,waqar.hussain@example.com,"House #543, Karachi",0345-5437890
1184,Yasir Akram,yasir.akram@example.com,"House #654, Lahore",0321-6540123
1185,Yousuf Raza,yousuf.raza@example.com,"House #765, Islamabad",0333-7651234
1186,Zafar Ali,zafar.ali@example.com,"House #876, Karachi",0345-8762345
1187,Zahid Hassan,zahid.hassan@example.com,"House #987, Lahore",0321-9873456
1188,Zain Ahmed,zain.ahmed@example.com,"House #098, Islamabad",0333-0984567
1189,Zakir Khan,zakir.khan@example.com,"House #109, Karachi",0345-1095678
1190,Zara Raza,zara.raza@example.com,"House #210, Lahore",0321-2106789
1191,Zeeshan Akhtar,zeeshan.akhtar@example.com,"House #321, Islamabad",0333-3218901
1192,Zohaib Haider,zohaib.haider@example.com,"House #432, Karachi",0345-4329012
1193,Zubair Ali,zubair.ali@example.com,"House #543, Lahore",0321-5431234
1194,Aamir Ahmed,aamir.ahmed@example.com,"House #654, Islamabad",0333-6542345
1195,Aisha Khan,aisha.khan@example.com,"House #765, Karachi",0345-7653456
1196,Akbar Raza,akbar.raza@example.com,"House #876, Lahore",0321-8764567
1197,Ali Hassan,ali.hassan@example.com,"House #987, Islamabad",0333-9875678
1198,Amina Ahmed,amina.ahmed@example.com,"House #098, Karachi",0345-0986789
1199,Haris Ahmed,haris.ahmed@example.com,"House #321, Lahore",0321-3212345
1200,Hasan Ali,hasan.ali@example.com,"House #432, Islamabad",0333-4323456
1202,Humayun Malik,h.malik@gmail.com,"House 123,Chakwal",0313-2323453
